Case ID,Template,Prediction,Cluster ID,Response,Response Length,Readability Score,Clarity,Relevance,Personalization
Case 1,T1_Fraud_Explanation,Fraud,1,"Based on the transaction features and the model prediction, I can explain why this transaction was classified as a potential fraud.

Here's a breakdown of the key features that contributed to this classification:

1. **Negative values for most variables**: Most of the variables (V1, V2, V3, V10, V11, V12, V14) have negative values, which suggests that the transaction is not typical or follows an unusual pattern. This could indicate an attempt to manipulate or hide the true nature of the transaction.

2. **Low V14 value**: V14 has a relatively low value of 1.0752, which is lower than the other positive values in the transaction. This could indicate that the transaction is not legitimate or that the user is trying to avoid detection.

3. **High V4 value**: V4 has a relatively high value of 1.3096, which is higher than the other positive values in the transaction. This could indicate that the user is trying to inflate the transaction amount or that there is an attempt to hide the true nature of the transaction.

4. **Low V17 value**: V17 has a very low value of 0.0933, which suggests that the transaction is not",191,58.685866055846446,High,High,High
Case 1,T2_User_Advice,Fraud,1,"**Transaction Classified as: Fraud**

Immediate Action Required:

1. **Block your card**: Contact your bank immediately to block your card to prevent further unauthorized transactions.
2. **Contact your bank**: Reach out to your bank's customer service to report the incident and ask for assistance.
3. **Monitor your account**: Keep a close eye on your account activity for any suspicious transactions.

**Additional Tips:**

- Change your card PIN and online banking passwords.
- Review your account statements regularly.
- Be cautious when sharing your card or account details.

**Transaction Classified as: Not Fraud**

Relief and Prevention:

You're safe! However, to prevent future incidents:

1. **Verify transactions**: Always review your account statements and verify transactions.
2. **Be cautious with links**: Avoid clicking on suspicious links or downloading attachments from unknown sources.
3. **Keep software updated**: Ensure your device and browser software are up-to-date with the latest security patches.
4. **Use strong passwords**: Use unique and complex passwords for all online accounts.

Remember, it's always better to be safe than sorry. If you're unsure about a transaction, contact your bank for assistance.",178,48.99790476190478,High,High,Low
Case 1,T3_Risk_Scoring,Fraud,1,"Based on the provided information, I would assign a risk level of **High** to this transaction.

**Justification:**

1. **Transaction Amount**: The transaction amount is $8.1366, which is not unusually high. However, considering the cluster behavior, this amount is relatively high for a cluster that is described as ""High-risk transactions with unusual feature patterns and higher scaled amount"". This suggests that the amount is consistent with the cluster's behavior, indicating a potential risk.

2. **Transaction Feature Patterns**: The transaction features (V1 to V17) have negative values, which is unusual. The presence of negative values in most features indicates that the transaction has an unusual pattern, which is consistent with the cluster description. This unusual pattern may be indicative of fraudulent activity.

3. **Model Prediction**: The model has predicted the transaction as **Fraud**, which is a strong indication of high risk.

4. **Cluster Behavior**: The transaction belongs to Cluster ID 1, which is described as ""High-risk transactions with unusual feature patterns and higher scaled amount"". This cluster behavior is consistent with the transaction's features and amount, indicating a high risk.

Considering these factors, the overall risk level for this transaction is **High**.",190,38.48416666666668,High,High,High
Case 1,T4_Comparative_Analysis,Fraud,1,"Based on the provided information, I'll analyze the transaction features and compare them with common fraud patterns and typical behavior within the cluster.

**Common Fraud Patterns:**

1. **High-value transactions**: Transactions with amounts significantly higher than the average or median value in the dataset are often flagged as potential fraud.
2. **Unusual payment methods**: Transactions using unverified or untrusted payment methods, such as wire transfers or prepaid cards, are often associated with fraud.
3. **Suspicious location**: Transactions originating from locations with high rates of fraud or unusual geolocation patterns are often flagged as potential fraud.
4. **Anomalous behavior**: Transactions exhibiting unusual behavior, such as rapid-fire transactions or transactions with high frequency, are often associated with fraud.

**Typical Behavior within the Cluster:**

1. **Amount distribution**: The cluster description indicates that transactions within this cluster have higher scaled amounts. We can expect the average or median amount within this cluster to be higher than the overall average.
2. **Feature patterns**: The cluster description mentions unusual feature patterns, which may indicate that transactions within this cluster exhibit unique characteristics not seen in other clusters.

**Transaction Analysis:**

1. **Amount**: The transaction amount of 8.1366 is relatively",191,25.379899315344346,High,High,High
Case 2,T1_Fraud_Explanation,Fraud,2,"Based on the transaction features provided, our model has predicted this transaction as a potential fraud. Here's a simple explanation of why:

1. **Unusual Amount**: The transaction amount is very small, only -0.3141. This could be a sign of a test transaction or a small part of a larger, more suspicious transaction.

2. **Negative Values**: Many of the feature values (V1, V3, V10, V12, V14, V17) are negative. This could indicate that the transaction is not a normal, legitimate transaction.

3. **Large Variations**: The values of some features (V1, V3, V10, V12, V17) are quite large compared to the transaction amount. This could be a sign of manipulation or an attempt to hide the true nature of the transaction.

4. **Unusual Patterns**: The values of some features (V2, V11) are positive, while others (V1, V3, V10, V12, V14, V17) are negative. This could indicate that the transaction is not following a normal pattern.

5. **Low V2 and V11**: The values of V2 and V11 are relatively",166,60.54061883899237,High,High,High
Case 2,T2_User_Advice,Fraud,2,"**Transaction Classified as Fraud:**

Immediate Action Required:

1. **Block your card**: Contact your bank to block your card to prevent further unauthorized transactions.
2. **Contact your bank**: Reach out to your bank's customer support to report the incident and get assistance.
3. **Monitor your account**: Keep a close eye on your account activity to detect any other suspicious transactions.

**Transaction Classified as Not Fraud:**

Relief and Prevention:

1. **Verify transactions**: Always review your statements and verify transactions to ensure accuracy.
2. **Keep your card secure**: Store your card safely, and avoid sharing your card details with others.
3. **Enable alerts**: Set up transaction alerts to notify you of any activity on your account.
4. **Regularly review account activity**: Monitor your account regularly to detect any potential issues.

Remember, it's always better to be safe than sorry. If you're unsure about a transaction, contact your bank for assistance.",147,43.63825602968461,High,High,Low
Case 2,T3_Risk_Scoring,Fraud,2,"Based on the provided information, I would assign a **High** risk level to this transaction.

**Transaction Amount:**
The transaction amount is -0.3141, which is a negative value. This could indicate a refund or a chargeback, but in the context of fraud detection, it's essential to consider the overall pattern of the transaction features. However, the negative amount alone might not be a strong indicator of fraud.

**Transaction Feature Patterns:**
The transaction features show a mix of positive and negative values, with some features having extreme deviations (-17.5376, -20.1346, -15.2318, -18.372). This pattern suggests that the transaction is anomalous and might be attempting to evade detection.

**Model Prediction:**
The model predicts the transaction as **Fraud**, which is a strong indicator of high risk.

**Cluster Behavior:**
The transaction is assigned to Cluster ID 2, which is described as transactions with extreme anonymized PCA feature deviations. This cluster behavior indicates that the transaction is part of a group of anomalous transactions, which increases the likelihood of fraud.

Considering these factors together, the combination of anomalous feature patterns, a negative transaction amount, and a model prediction of fraud",184,42.26660079051385,High,High,High
Case 2,T4_Comparative_Analysis,Fraud,2,"Based on the provided information, I'll analyze the transaction in comparison to common fraud patterns and typical behavior within the cluster.

**Common Fraud Patterns:**

1. **Negative transaction amounts**: Transactions with negative amounts often indicate a return or refund, which can be a legitimate transaction. However, in the context of this cluster, it's essential to consider the PCA feature deviations, which may indicate anomalous behavior.
2. **Small transaction amounts**: Small transaction amounts can be a common feature of legitimate transactions, but in this case, the amount is extremely small (-0.3141), which might raise suspicions.

**Typical Behavior within the Cluster:**

The cluster description mentions ""Transactions with extreme anonymized PCA feature deviations."" This suggests that transactions within this cluster exhibit unusual patterns that are not typical of normal transactions. Given the small amount of the transaction (-0.3141), it's possible that this transaction is an outlier within the cluster.

**Similarity to Known Fraud Patterns:**

The transaction's negative amount and small size are similar to common fraud patterns, such as ""test"" transactions or ""dummy"" transactions. However, the extreme PCA feature deviations suggest that this transaction may be more complex and potentially more sophisticated than a typical fraud attempt.

**",194,34.02233376511231,High,High,High
Case 3,T1_Fraud_Explanation,Not Fraud,0,"Based on the transaction features provided, I'll break down the analysis to explain why the model predicted it as ""Not Fraud"".

**Key Features:**

1. **V1**: 2.1009 - This feature is likely a transaction value or a ratio of transaction values. It's a relatively high value, but not necessarily suspicious.
2. **V2**: -1.0394 - This feature might indicate a discrepancy or an anomaly in the transaction. However, the negative value suggests that the discrepancy is actually a correction or a refund, which is not typically associated with fraudulent activity.
3. **V3**: -0.5727 - Similar to V2, this feature might indicate another discrepancy or anomaly. Again, the negative value suggests a correction or refund, which is not suspicious.
4. **V4**: -0.9819 - This feature might indicate a significant discrepancy or anomaly. However, the negative value suggests that the discrepancy is actually a correction or refund, which is not typically associated with fraudulent activity.
5. **V10**: 0.8827 - This feature is likely a ratio or a comparison of transaction values. The positive value suggests that the transaction is legitimate and follows a normal pattern.
6.",182,34.13493644067799,High,High,High
Case 3,T2_User_Advice,Not Fraud,0,"Transaction classified as: Not Fraud

You can breathe a sigh of relief. This transaction appears to be legitimate. However, to maintain your financial safety, consider the following preventive tips:

1. **Regularly review your account statements**: Check for any unfamiliar transactions or suspicious activity.
2. **Keep your account information private**: Avoid sharing your account details with others, and never give out your PIN or password.
3. **Monitor your credit report**: Ensure there are no unauthorized accounts or inquiries.
4. **Use strong, unique passwords**: Update your passwords regularly and avoid using the same password across multiple accounts.
5. **Stay vigilant online**: Be cautious when clicking on links or providing personal info on websites and apps.

By following these tips, you can further protect your financial well-being and prevent potential issues in the future.",131,41.5893553859203,High,High,Low
Case 3,T3_Risk_Scoring,Not Fraud,0,"Based on the provided information, I would assign a risk level of **Low** to this transaction.

**Transaction Amount:**
The transaction amount is -0.2655, which is a relatively small negative value. This suggests that the transaction is not a large or suspicious amount, which is a good indicator of low risk.

**Transaction Feature Patterns:**
The feature values in the transaction are mostly negative, with a few positive values. However, the negative values are relatively small in magnitude, and the positive values are not excessively high. This pattern is consistent with the cluster description of ""Normal transactions with low-risk feature behavior."" The feature values do not exhibit any unusual or suspicious patterns that would indicate high risk.

**Prediction Result:**
The model prediction is ""Not Fraud,"" which suggests that the transaction is likely legitimate and not indicative of fraudulent activity.

**Cluster Behavior:**
The transaction is assigned to cluster ID 0, which is described as ""Normal transactions with low-risk feature behavior."" This cluster description aligns with the feature patterns and transaction amount, further supporting the conclusion that the risk level is low.

Overall, considering the transaction amount, feature patterns, prediction result, and cluster behavior, I believe that the risk level for this transaction is **",201,39.75333333333336,High,High,High
Case 3,T4_Comparative_Analysis,Not Fraud,0,"Based on the provided information, I'll analyze the transaction features and compare them to common fraud patterns and typical behavior within the cluster.

**Transaction Features:**
- Amount: -0.2655

**Comparison to Common Fraud Patterns:**
- The transaction amount is negative, which could be indicative of a refund or a return. However, in the context of fraud detection, negative amounts are not typically considered suspicious.
- There are no other features provided to compare the transaction to common fraud patterns.

**Comparison to Typical Behavior within the Cluster:**
- The transaction is classified as belonging to Cluster ID 0, which is described as ""Normal transactions with low-risk feature behavior.""
- The negative amount is not typical of normal transactions, as most transactions involve positive amounts. However, the amount is relatively small, and the cluster description suggests that the features are generally low-risk.

**Similarity to Known Fraud Patterns:**
- The transaction does not exhibit any obvious characteristics of known fraud patterns, such as large or unusual amounts, frequent transactions, or suspicious IP addresses.

**Differences from Normal Cluster Behavior:**
- The negative amount is a notable difference from the typical behavior within the cluster, which is characterized by low-risk feature behavior.

**Whether Both Perspectives",199,30.053011363636386,High,High,High
